1;Вторые блюда
1;Вторые блюда из крупы
1;Вторые блюда из баранины
2;Салаты
2;Овощи
2;Салаты с морковью
2;Салаты с картофелем
2;Салаты с яйцами
2;Морепродукты
2;Салаты с рыбой
2;Салаты с майонезом
3;Выпечка
3;Выпечка с яблочной начинкой
3;Пироги
3;Яблочные пироги
4;Торты и пирожные
5;Вторые блюда
5;Вторые блюда из фарша
5;Макаронные изделия
5;Рецепты лазаний
5;Рецепты запеканок
6;Вторые блюда
6;Вторые блюда из фарша
7;Торты и пирожные
8;Вторые блюда
8;Вторые блюда из фарша
8;Вторые блюда из овощей
8;Фаршированные овощи
9;Вторые блюда
9;Вторые блюда из свинины
10;Выпечка
10;Пироги
11;Выпечка
11;Пироги
12;Выпечка
12;Выпечка с яблочной начинкой
12;Пироги
12;Яблочные пироги
13;Выпечка
13;Кексы, маффины, капкейки
14;Торты и пирожные
15;Выпечка
15;Выпечка с яблочной начинкой
15;Пироги
15;Яблочные пироги
16;Вторые блюда
16;Вторые блюда с грибами
16;Вторые блюда из баранины
17;Вторые блюда
17;Вторые блюда из баранины
18;Несладкая выпечка
19;Выпечка
20;Блины, оладьи, сырники
21;Блины, оладьи, сырники
22;Вторые блюда
22;Вторые блюда из говядины
23;Первые блюда
24;Выпечка
24;Кексы, маффины, капкейки
25;Выпечка
26;Несладкая выпечка
27;Первые блюда
28;Закуски и бутерброды
28;Мясные закуски
29;Вторые блюда
29;Вторые блюда из фарша
29;Рецепты котлет
30;Десерты, напитки
31;Десерты, напитки
32;Выпечка
32;Выпечка с яблочной начинкой
33;Вторые блюда
33;Вторые блюда из говядины
34;Вторые блюда
34;Вторые блюда из свинины
35;Закуски и бутерброды
36;Выпечка
37;Рыба и морепродукты
38;Рыба и морепродукты
38;Жареная рыба
39;Вторые блюда
39;Вторые блюда из свинины
40;Десерты, напитки
41;Десерты, напитки
42;Выпечка
42;Выпечка из творога
42;Пироги
42;Пироги с творогом
43;Десерты, напитки
44;Десерты, напитки
45;Несладкая выпечка
45;Пироги
46;Выпечка
46;Печенье
47;Вторые блюда
47;Вторые блюда из фарша
47;Рецепты котлет
48;Торты и пирожные
49;Вторые блюда
49;Вторые блюда из курицы
49;Вторые блюда с грибами
50;Первые блюда
51;Выпечка
52;Выпечка
52;Кексы, маффины, капкейки
53;Выпечка
53;Кексы, маффины, капкейки
54;Выпечка
54;Кексы, маффины, капкейки
55;Выпечка
55;Кексы, маффины, капкейки
56;Вторые блюда
56;Вторые блюда из фарша
56;Вторые блюда из крупы
56;Вторые блюда из овощей
57;Закуски и бутерброды
58;Десерты, напитки
59;Разное
60;Выпечка
60;Печенье
61;Выпечка
61;Печенье
62;Закуски и бутерброды
62;Закуски с курицей
62;Суфле, паштеты, икра
63;Закуски и бутерброды
63;Закуски с курицей
63;Суфле, паштеты, икра
64;Закуски и бутерброды
64;Суфле, паштеты, икра
65;Выпечка
65;Пироги
66;Блины, оладьи, сырники
67;Несладкая выпечка
67;Пироги
68;Несладкая выпечка
68;Пироги
69;Несладкая выпечка
69;Пироги
70;Торты и пирожные
71;Вторые блюда
71;Вторые блюда из курицы
71;Вторые блюда из крупы
72;Несладкая выпечка
73;Несладкая выпечка
74;Выпечка
75;Десерты, напитки
76;Торты и пирожные
77;Десерты, напитки
78;Десерты, напитки
79;Десерты, напитки
80;Вторые блюда
80;Вторые блюда из говядины
81;Вторые блюда
81;Вторые блюда из птицы
81;Вторые блюда из крупы
82;Вторые блюда
82;Вторые блюда из субпродуктов
82;Рецепты котлет
83;Вторые блюда
83;Вторые блюда из субпродуктов
84;Выпечка
84;Выпечка из творога
84;Печенье
85;Выпечка
85;Печенье
86;Выпечка
86;Печенье
87;Выпечка
87;Печенье
88;Выпечка
88;Печенье
89;Выпечка
89;Выпечка из творога
89;Печенье
90;Несладкая выпечка
90;Пироги
91;Выпечка
91;Печенье
92;Салаты
92;Птица
92;Салаты с курицей
92;Овощи
92;Салаты с картофелем
92;Салаты с огурцами
92;Салаты с яйцами
92;Мясные салаты
92;Салаты с майонезом
93;Салаты
93;Овощи
93;Салаты с помидорами
93;Салаты с сыром
93;Салаты без майонеза
94;Салаты
94;Салаты с сухариками
94;Салаты без майонеза
95;Салаты
95;Салаты с сыром
95;Салаты без майонеза
96;Салаты
96;Салаты с кукурузой
96;Салаты с яйцами
96;Морепродукты
96;Салаты с крабами
96;Салаты с майонезом
97;Салаты
97;Птица
97;Салаты с курицей
97;Овощи
97;Салаты со свеклой
97;Салаты с майонезом
97;Салаты с фасолью
98;Вторые блюда
98;Вторые блюда из свинины
99;Несладкая выпечка
99;Пироги
100;Первые блюда
101;Вторые блюда
101;Вторые блюда из фарша
102;Выпечка
102;Выпечка из творога
103;Первые блюда
104;Первые блюда
105;Первые блюда
106;Первые блюда
107;Первые блюда
108;Первые блюда
109;Первые блюда
110;Первые блюда
111;Закуски и бутерброды
112;Блины, оладьи, сырники
113;Первые блюда
114;Рыба и морепродукты
115;Выпечка
116;Закуски и бутерброды
117;Вторые блюда
117;Вторые блюда из фарша
118;Вторые блюда
118;Вторые блюда из фарша
118;Вторые блюда из овощей
118;Фаршированные овощи
119;Десерты, напитки
120;Выпечка
120;Выпечка с брусникой
120;Выпечка с яблочной начинкой
120;Выпечка из творога
120;Пироги
120;Яблочные пироги
120;Ягодные пироги
120;Пироги с творогом
121;Вторые блюда
121;Вторые блюда из курицы
121;Вторые блюда с грибами
122;Рыба и морепродукты
122;Жареная рыба
123;Рыба и морепродукты
123;Запеченная рыба
124;Десерты, напитки
125;Несладкая выпечка
126;Торты и пирожные
127;Торты и пирожные
128;Торты и пирожные
129;Торты и пирожные
130;Торты и пирожные
131;Торты и пирожные
132;Торты и пирожные
133;Вторые блюда
133;Вторые блюда из птицы
134;Первые блюда
135;Торты и пирожные
136;Выпечка
136;Выпечка с яблочной начинкой
137;Рыба и морепродукты
137;Запеченная рыба
138;Рыба и морепродукты
138;Запеченная рыба
139;Торты и пирожные
140;Несладкая выпечка
140;Дрожжевые пирожки
141;Десерты, напитки
142;Выпечка
142;Кексы, маффины, капкейки
143;Вторые блюда
143;Вторые блюда из курицы
144;Несладкая выпечка
145;Выпечка
145;Кексы, маффины, капкейки
146;Выпечка
146;Выпечка из творога
146;Пироги
146;Пироги с творогом
147;Выпечка
147;Печенье
148;Выпечка
149;Выпечка
149;Пироги
150;Торты и пирожные
151;Выпечка
151;Кексы, маффины, капкейки
152;Выпечка
152;Кексы, маффины, капкейки
153;Выпечка
153;Выпечка с яблочной начинкой
153;Пироги
153;Яблочные пироги
154;Выпечка
154;Выпечка с яблочной начинкой
154;Пироги
154;Яблочные пироги
155;Десерты, напитки
156;Закуски и бутерброды
156;Яйца
156;Фаршированные яйца
157;Блины, оладьи, сырники
158;Десерты, напитки
159;Десерты, напитки
160;Несладкая выпечка
161;Первые блюда
162;Рыба и морепродукты
163;Вторые блюда
163;Вторые блюда из курицы
164;Вторые блюда
164;Вторые блюда из курицы
165;Вторые блюда
166;Выпечка
166;Пироги
166;Ягодные пироги
167;Салаты
167;Салаты с кукурузой
167;Птица
167;Салаты с курицей
167;Овощи
167;Салаты с морковью
167;Салаты с яйцами
167;Мясные салаты
167;Салаты с грибами
167;Салаты с майонезом
168;Салаты
168;Салаты с сухариками
168;Птица
168;Салаты с курицей
168;Овощи
168;Салаты с огурцами
168;Салаты с сыром
168;Мясные салаты
168;Салаты без майонеза
169;Салаты
169;Салаты с сухариками
169;Птица
169;Салаты с курицей
169;Салаты с сыром
169;Мясные салаты
169;Салаты без майонеза
170;Салаты
170;Салаты с морепродуктами
170;Салаты без майонеза
171;Вторые блюда
171;Вторые блюда из свинины
172;Несладкая выпечка
172;Пироги
173;Первые блюда
174;Первые блюда
175;Закуски и бутерброды
175;Рыбные закуски
176;Торты и пирожные
177;Вторые блюда
177;Вторые блюда из субпродуктов
178;Рыба и морепродукты
178;Запеченная рыба
179;Торты и пирожные
180;Вторые блюда
180;Вторые блюда из свинины
180;Шашлыки
181;Выпечка
182;Вторые блюда
182;Вторые блюда из фарша
183;Вторые блюда
183;Вторые блюда из баранины
184;Выпечка
184;Пироги
185;Десерты, напитки
186;Десерты, напитки
187;Выпечка
187;Выпечка из творога
188;Выпечка
189;Вторые блюда
189;Вторые блюда из овощей
190;Салаты
190;Овощи
190;Салаты с болгарским перцем
190;Салаты с огурцами
190;Салаты с помидорами
190;Салаты с сыром
190;Салаты без майонеза
191;Десерты, напитки
192;Вторые блюда
192;Вторые блюда из говядины
193;Выпечка
194;Рыба и морепродукты
194;Запеченная рыба
195;Вторые блюда
195;Вторые блюда из свинины
196;Вторые блюда
197;Вторые блюда
197;Вторые блюда из фарша
197;Рецепты котлет
198;Десерты, напитки
199;Вторые блюда
199;Вторые блюда из курицы
200;Выпечка
200;Кексы, маффины, капкейки
201;Вторые блюда
201;Вторые блюда из курицы
201;Вторые блюда из фарша
202;Выпечка
202;Пироги
203;Выпечка
203;Пироги
204;Несладкая выпечка
205;Десерты, напитки
206;Выпечка
206;Печенье
207;Выпечка
207;Печенье
208;Салаты
208;Птица
208;Салаты с курицей
208;Овощи
208;Салаты с сельдереем
208;Салаты с помидорами
208;Салаты без майонеза
209;Салаты
209;Овощи
209;Салаты со свеклой
209;Салаты с майонезом
210;Вторые блюда
210;Вторые блюда из свинины
211;Рыба и морепродукты
211;Жареная рыба
212;Торты и пирожные
213;Закуски и бутерброды
213;Мясные закуски
214;Вторые блюда
214;Вторые блюда из свинины
214;Вторые блюда в горшочках
215;Выпечка
215;Печенье
216;Десерты, напитки
217;Выпечка
217;Выпечка из творога
217;Кексы, маффины, капкейки
218;Выпечка
218;Выпечка с яблочной начинкой
218;Пироги
218;Яблочные пироги
219;Закуски и бутерброды
219;Яйца
219;Фаршированные яйца
220;Вторые блюда
220;Вторые блюда из баранины
221;Блины, оладьи, сырники
222;Вторые блюда
222;Вторые блюда из птицы
223;Закуски и бутерброды
223;Мясные закуски
223;Бутерброды
224;Вторые блюда
224;Рецепты запеканок
224;Вторые блюда с грибами
225;Вторые блюда
225;Вторые блюда из фарша
225;Рецепты запеканок
225;Вторые блюда с грибами
226;Вторые блюда
226;Вторые блюда из фарша
226;Вторые блюда из макаронных изделий
226;Рецепты запеканок
227;Несладкая выпечка
227;Дрожжевые пирожки
228;Вторые блюда
228;Вторые блюда из курицы
228;Рецепты лазаний
228;Рецепты запеканок
228;Вторые блюда с грибами
229;Десерты, напитки
230;Вторые блюда
230;Вторые блюда из курицы
231;Вторые блюда
231;Вторые блюда из курицы
231;Вторые блюда с грибами
232;Вторые блюда
232;Вторые блюда из курицы
232;Вторые блюда из овощей
233;Закуски и бутерброды
234;Закуски и бутерброды
234;Закуски с курицей
234;Суфле, паштеты, икра
235;Выпечка
236;Выпечка
236;Пироги
237;Вторые блюда
237;Вторые блюда из субпродуктов
238;Выпечка
238;Печенье
239;Выпечка
239;Печенье
240;Вторые блюда
240;Вторые блюда в горшочках
241;Салаты
241;Птица
241;Салаты с курицей
241;Овощи
241;Салаты с помидорами
241;Салаты с грибами
241;Салаты с майонезом
242;Вторые блюда
242;Вторые блюда из свинины
243;Вторые блюда
243;Вторые блюда из свинины
244;Выпечка
245;Первые блюда
246;Закуски и бутерброды
246;Рыбные закуски
247;Вторые блюда
247;Вторые блюда из фарша
247;Фаршированные овощи
248;Выпечка
248;Выпечка из творога
248;Печенье
249;Десерты, напитки
250;Несладкая выпечка
251;Вторые блюда
251;Вторые блюда из курицы
251;Вторые блюда из фарша
252;Торты и пирожные
253;Торты и пирожные
254;Торты и пирожные
255;Выпечка
255;Пироги
256;Выпечка
257;Выпечка
257;Кексы, маффины, капкейки
258;Блины, оладьи, сырники
259;Закуски и бутерброды
259;Бутерброды
260;Десерты, напитки
261;Десерты, напитки
262;Закуски и бутерброды
262;Мясные закуски
263;Закуски и бутерброды
263;Рыбные закуски
263;Закуски из яиц
264;Закуски и бутерброды
265;Вторые блюда
265;Макаронные изделия
265;Рецепты лазаний
265;Рецепты запеканок
266;Вторые блюда
266;Вторые блюда из овощей
267;Десерты, напитки
268;Десерты, напитки
269;Салаты
269;Салаты с авокадо
269;Овощи
269;Салаты с помидорами
269;Морепродукты
269;Салаты с креветками
269;Салаты без майонеза
270;Вторые блюда
270;Вторые блюда из курицы
271;Вторые блюда
271;Вторые блюда из субпродуктов
271;Вторые блюда из овощей
272;Вторые блюда
272;Вторые блюда из курицы
272;Вторые блюда из фарша
273;Вторые блюда
273;Вторые блюда из субпродуктов
274;Вторые блюда
274;Вторые блюда из курицы
275;Вторые блюда
275;Вторые блюда из крупы
276;Вторые блюда
276;Вторые блюда из курицы
276;Вторые блюда с грибами
276;Вторые блюда из овощей
277;Выпечка
277;Печенье
278;Несладкая выпечка
278;Кексы, маффины, капкейки
279;Несладкая выпечка
279;Пироги
280;Десерты, напитки
281;Десерты, напитки
282;Выпечка
282;Пироги
283;Торты и пирожные
284;Салаты
284;Птица
284;Салаты с курицей
284;Салаты с блинчиками из яиц
284;Мясные салаты
284;Салаты с майонезом
285;Салаты
285;Птица
285;Салаты с курицей
285;Фрукты
285;Салаты с яблоками
285;Салаты с сыром
285;Салаты с яйцами
285;Мясные салаты
285;Салаты с майонезом
286;Салаты
286;Салаты с фунчозой
286;Салаты с грибами
286;Морепродукты
286;Салаты с кальмарами
286;Салаты без майонеза
287;Салаты
287;Салаты с сухариками
287;Овощи
287;Салаты со свеклой
287;Салаты без майонеза
288;Вторые блюда
288;Вторые блюда из свинины
289;Вторые блюда
289;Вторые блюда из свинины
289;Вторые блюда из овощей
290;Торты и пирожные
291;Первые блюда
292;Первые блюда
293;Рыба и морепродукты
294;Первые блюда
295;Десерты, напитки
296;Торты и пирожные
297;Торты и пирожные
298;Вторые блюда
298;Вторые блюда из птицы
299;Десерты, напитки
300;Вторые блюда
300;Вторые блюда из курицы
301;Вторые блюда
301;Вторые блюда из свинины
301;Шашлыки
302;Выпечка
302;Печенье
303;Закуски и бутерброды
303;Бутерброды
304;Вторые блюда
304;Вторые блюда из говядины
304;Вторые блюда с грибами
305;Закуски и бутерброды
305;Овощные закуски
306;Десерты, напитки
307;Рыба и морепродукты
308;Вторые блюда
308;Вторые блюда из птицы
308;Рецепты запеканок
309;Закуски и бутерброды
309;Мясные закуски
309;Рыбные закуски
310;Десерты, напитки
311;Вторые блюда
311;Вторые блюда из курицы
311;Вторые блюда из крупы
311;Вторые блюда из овощей
312;Вторые блюда
312;Вторые блюда из курицы
312;Вторые блюда с грибами
313;Выпечка
314;Выпечка
314;Кексы, маффины, капкейки
315;Закуски и бутерброды
315;Суфле, паштеты, икра
316;Несладкая выпечка
316;Дрожжевые пирожки
317;Вторые блюда
317;Вторые блюда из субпродуктов
318;Салаты
318;Птица
318;Салаты с курицей
318;Овощи
318;Салаты с морковью
318;Салаты с картофелем
318;Салаты с яйцами
318;Мясные салаты
318;Салаты с грибами
318;Салаты с майонезом
319;Салаты
319;Птица
319;Салаты с индейкой
319;Овощи
319;Салаты с огурцами
319;Салаты с помидорами
319;Салаты с яйцами
319;Салаты без майонеза
320;Салаты
320;Овощи
320;Салаты с помидорами
320;Салаты с сыром
320;Салаты с яйцами
320;Салаты без майонеза
321;Вторые блюда
321;Вторые блюда из свинины
322;Вторые блюда
322;Вторые блюда из свинины
323;Несладкая выпечка
324;Закуски и бутерброды
325;Торты и пирожные
326;Торты и пирожные
327;Торты и пирожные
328;Вторые блюда
328;Вторые блюда из курицы
329;Вторые блюда
329;Вторые блюда из свинины
329;Шашлыки
330;Блины, оладьи, сырники
331;Вторые блюда
331;Вторые блюда из фарша
332;Выпечка
332;Печенье
333;Рыба и морепродукты
334;Десерты, напитки
335;Закуски и бутерброды
335;Бутерброды
335;Рыбные закуски
336;Вторые блюда
336;Вторые блюда из крупы
337;Разное
338;Вторые блюда
338;Рецепты котлет
339;Вторые блюда
339;Вторые блюда из овощей
340;Выпечка
341;Вторые блюда
341;Вторые блюда из курицы
341;Рецепты котлет
342;Десерты, напитки
343;Вторые блюда
343;Вторые блюда из курицы
344;Закуски и бутерброды
344;Закуски с курицей
344;Мясные закуски
345;Рыба и морепродукты
346;Выпечка
346;Кексы, маффины, капкейки
347;Выпечка
347;Пироги
347;Ягодные пироги
348;Выпечка
348;Печенье
349;Вторые блюда
349;Вторые блюда из макаронных изделий
349;Вторые блюда из овощей
350;Выпечка
350;Печенье
351;Выпечка
351;Печенье
352;Вторые блюда
352;Вторые блюда из фарша
353;Салаты
353;Овощи
353;Салаты с помидорами
353;Салаты без майонеза
354;Вторые блюда
354;Вторые блюда из свинины
355;Вторые блюда
355;Вторые блюда из свинины
355;Вторые блюда с грибами
356;Первые блюда
357;Вторые блюда
357;Вторые блюда из макаронных изделий
357;Вторые блюда с грибами
358;Первые блюда
359;Первые блюда
360;Первые блюда
361;Закуски и бутерброды
361;Закуски с курицей
361;Мясные закуски
361;Овощные закуски
361;Суфле, паштеты, икра
362;Несладкая выпечка
363;Выпечка
363;Выпечка с яблочной начинкой
364;Десерты, напитки
365;Торты и пирожные
366;Торты и пирожные
367;Закуски и бутерброды
367;Закуски с курицей
367;Овощные закуски
368;Вторые блюда
368;Вторые блюда из птицы
368;Вторые блюда из крупы
368;Вторые блюда с грибами
368;Вторые блюда в горшочках
369;Торты и пирожные
370;Блины, оладьи, сырники
371;Выпечка
371;Пироги
371;Яблочные пироги
372;Закуски и бутерброды
372;Мясные закуски
372;Бутерброды
373;Десерты, напитки
374;Десерты, напитки
375;Блины, оладьи, сырники
376;Выпечка
376;Пироги
376;Ягодные пироги
377;Десерты, напитки
378;Вторые блюда
378;Вторые блюда из овощей
379;Выпечка
379;Выпечка с яблочной начинкой
380;Рыба и морепродукты
381;Первые блюда
382;Выпечка
382;Кексы, маффины, капкейки
383;Выпечка
384;Выпечка
384;Кексы, маффины, капкейки
385;Блины, оладьи, сырники
386;Блины, оладьи, сырники
387;Несладкая выпечка
387;Пироги
388;Торты и пирожные
389;Закуски и бутерброды
389;Овощные закуски
390;Вторые блюда
390;Вторые блюда из фарша
390;Вторые блюда из говядины
390;Фаршированные овощи
391;Выпечка
391;Печенье
392;Салаты
392;Овощи
392;Салаты с редисом
392;Салаты с огурцами
392;Салаты с помидорами
392;Мясо
392;Салаты с беконом
392;Салаты без майонеза
393;Вторые блюда
393;Вторые блюда из свинины
394;Вторые блюда
394;Вторые блюда из свинины
395;Несладкая выпечка
395;Слоеные пирожки
396;Блины, оладьи, сырники
397;Закуски и бутерброды
397;Овощные закуски
397;Рыбные закуски
398;Несладкая выпечка
399;Вторые блюда
399;Вторые блюда из птицы
400;Салаты
400;Салаты с фунчозой
400;Птица
400;Салаты с курицей
400;Овощи
400;Салаты с болгарским перцем
400;Салаты с морковью
400;Салаты с огурцами
400;Мясные салаты
400;Салаты без майонеза
401;Десерты, напитки
402;Вторые блюда
402;Вторые блюда из баранины
403;Вторые блюда
403;Вторые блюда из баранины
404;Вторые блюда
404;Вторые блюда с грибами
405;Вторые блюда
405;Вторые блюда из крупы
406;Рыба и морепродукты
407;Вторые блюда
407;Фаршированные овощи
408;Закуски и бутерброды
408;Овощные закуски
409;Вторые блюда
409;Вторые блюда из макаронных изделий
409;Вторые блюда из птицы
409;Вторые блюда с грибами
410;Вторые блюда
410;Вторые блюда из курицы
410;Вторые блюда из овощей
411;Вторые блюда
411;Вторые блюда из курицы
411;Вторые блюда с грибами
412;Выпечка
412;Кексы, маффины, капкейки
413;Закуски и бутерброды
413;Овощные закуски
414;Вторые блюда
414;Вторые блюда из макаронных изделий
415;Выпечка
415;Пироги
416;Выпечка
416;Пироги
417;Несладкая выпечка
417;Пироги
418;Несладкая выпечка
418;Дрожжевые пирожки
419;Торты и пирожные
420;Несладкая выпечка
421;Салаты
421;Салаты с сыром
421;Мясо
421;Салаты с говядиной
421;Салаты с грибами
421;Салаты с майонезом
422;Салаты
422;Птица
422;Салаты с курицей
422;Салаты с блинчиками из яиц
422;Салаты с майонезом
423;Салаты
423;Салаты с авокадо
423;Овощи
423;Салаты с помидорами
423;Салаты с сыром
423;Салаты с креветками
423;Салаты без майонеза
424;Салаты
424;Салаты с фунчозой
424;Салаты без майонеза
425;Вторые блюда
425;Вторые блюда из свинины
426;Закуски и бутерброды
426;Овощные закуски
427;Закуски и бутерброды
427;Мясные закуски
427;Бутерброды
428;Выпечка
428;Выпечка из творога
429;Рыба и морепродукты
429;Жареная рыба
430;Десерты, напитки
431;Закуски и бутерброды
431;Овощные закуски
432;Вторые блюда
432;Вторые блюда с грибами
433;Десерты, напитки
434;Первые блюда
435;Блины, оладьи, сырники
436;Салаты
436;Овощи
436;Салаты со свеклой
436;Салаты с морковью
436;Салаты с картофелем
436;Салаты с капустой
436;Салаты с огурцами
436;Салаты без майонеза
437;Торты и пирожные
438;Рыба и морепродукты
438;Запеченная рыба
439;Рыба и морепродукты
439;Запеченная рыба
440;Вторые блюда
440;Вторые блюда из овощей
441;Выпечка
441;Кексы, маффины, капкейки
442;Десерты, напитки
443;Выпечка
443;Кексы, маффины, капкейки
444;Выпечка
444;Выпечка с брусникой
444;Пироги
444;Ягодные пироги
445;Десерты, напитки
446;Десерты, напитки
447;Закуски и бутерброды
447;Мясные закуски
447;Овощные закуски
448;Выпечка
448;Печенье
449;Салаты
449;Салаты с зеленым горошком
449;Овощи
449;Салаты с картофелем
449;Салаты с огурцами
449;Салаты с яйцами
449;Мясо
449;Салаты с говядиной
449;Салаты с майонезом
450;Салаты
450;Птица
450;Салаты с курицей
450;Овощи
450;Салаты с огурцами
450;Салаты с яйцами
450;Салаты с майонезом
451;Салаты
451;Салаты с кукурузой
451;Салаты с яйцами
451;Салаты с майонезом
452;Вторые блюда
452;Вторые блюда из свинины
452;Вторые блюда с грибами
453;Первые блюда
454;Первые блюда
455;Несладкая выпечка
456;Закуски и бутерброды
457;Вторые блюда
457;Вторые блюда из птицы
458;Салаты
458;Салаты с фунчозой
458;Овощи
458;Салаты с помидорами
458;Салаты с блинчиками из яиц
458;Мясо
458;Салаты с беконом
458;Салаты без майонеза
459;Выпечка
459;Кексы, маффины, капкейки
460;Десерты, напитки
461;Выпечка
462;Вторые блюда
462;Вторые блюда из свинины
463;Вторые блюда
463;Вторые блюда из баранины
464;Вторые блюда
464;Вторые блюда из баранины
465;Закуски и бутерброды
465;Овощные закуски
466;Первые блюда
467;Блины, оладьи, сырники
468;Рыба и морепродукты
468;Жареная рыба
469;Закуски и бутерброды
469;Мясные закуски
469;Бутерброды
469;Закуски из яиц
470;Разное
471;Вторые блюда
471;Вторые блюда с грибами
471;Вторые блюда из овощей
472;Рыба и морепродукты
472;Запеченная рыба
473;Вторые блюда
473;Вторые блюда из курицы
474;Десерты, напитки
475;Вторые блюда
475;Вторые блюда из фарша
475;Рецепты котлет
475;Вторые блюда с грибами
476;Десерты, напитки
477;Вторые блюда
477;Вторые блюда из курицы
477;Вторые блюда из фарша
478;Вторые блюда
478;Вторые блюда из субпродуктов
479;Выпечка
479;Кексы, маффины, капкейки
480;Выпечка
480;Кексы, маффины, капкейки
481;Выпечка
481;Кексы, маффины, капкейки
482;Выпечка
482;Выпечка с яблочной начинкой
482;Кексы, маффины, капкейки
483;Несладкая выпечка
483;Пироги
484;Выпечка
484;Выпечка из творога
484;Пироги
484;Пироги с творогом
485;Выпечка
485;Выпечка из творога
485;Пироги
486;Несладкая выпечка
486;Дрожжевые пирожки
487;Несладкая выпечка
487;Дрожжевые пирожки
488;Несладкая выпечка
488;Дрожжевые пирожки
489;Десерты, напитки
490;Вторые блюда
490;Вторые блюда из птицы
490;Шашлыки
491;Вторые блюда
491;Вторые блюда из фарша
491;Фаршированные овощи
492;Салаты
492;Салаты с фунчозой
492;Овощи
492;Салаты с помидорами
492;Мясо
492;Салаты с говядиной
492;Салаты без майонеза
493;Салаты
493;Салаты с авокадо
493;Птица
493;Салаты с курицей
493;Фрукты
493;Салаты с яблоками
493;Мясные салаты
493;Салаты без майонеза
494;Салаты
494;Овощи
494;Салаты с болгарским перцем
494;Салаты с помидорами
494;Мясо
494;Салаты с говядиной
494;Салаты без майонеза
495;Салаты
495;Птица
495;Салаты с курицей
495;Овощи
495;Салаты с помидорами
495;Салаты с сыром
495;Салаты без майонеза
496;Салаты
496;Салаты с кукурузой
496;Салаты с сухариками
496;Птица
496;Салаты с курицей
496;Салаты с сыром
496;Салаты с майонезом
497;Салаты
497;Салаты с яйцами
497;Салаты с грибами
497;Салаты без майонеза
497;Салаты с фасолью
498;Вторые блюда
498;Вторые блюда из свинины
499;Десерты, напитки
500;Первые блюда
501;Первые блюда
502;Первые блюда
503;Первые блюда
504;Салаты
504;Фрукты
504;Салаты с яблоками
504;Овощи
504;Салаты со свеклой
504;Салаты с морковью
504;Салаты с картофелем
504;Морепродукты
504;Салаты с рыбой
504;Салаты с майонезом
505;Закуски и бутерброды
505;Овощные закуски
506;Блины, оладьи, сырники
507;Вторые блюда
507;Вторые блюда из фарша
507;Фаршированные овощи
508;Торты и пирожные
509;Торты и пирожные
510;Вторые блюда
510;Вторые блюда из фарша
511;Рыба и морепродукты
511;Жареная рыба
512;Десерты, напитки
513;Вторые блюда
513;Вторые блюда из курицы
513;Вторые блюда с грибами
514;Вторые блюда
514;Вторые блюда из курицы
515;Выпечка
515;Кексы, маффины, капкейки
516;Вторые блюда
516;Вторые блюда из курицы
516;Шашлыки
517;Торты и пирожные
518;Десерты, напитки
519;Вторые блюда
519;Вторые блюда с грибами
519;Вторые блюда из овощей
520;Вторые блюда
520;Вторые блюда из крупы
520;Вторые блюда с грибами
520;Вторые блюда из овощей
520;Фаршированные овощи
521;Вторые блюда
521;Вторые блюда с грибами
521;Вторые блюда из овощей
522;Вторые блюда
522;Вторые блюда из макаронных изделий
523;Десерты, напитки
524;Вторые блюда
524;Вторые блюда из курицы
525;Блины, оладьи, сырники
526;Несладкая выпечка
526;Пироги
527;Салаты
527;Птица
527;Салаты с курицей
527;Овощи
527;Салаты с сельдереем
527;Салаты с огурцами
527;Салаты с помидорами
527;Салаты без майонеза
528;Выпечка
529;Первые блюда
530;Торты и пирожные
531;Закуски и бутерброды
531;Рыбные закуски
531;Яйца
531;Фаршированные яйца
532;Вторые блюда
532;Вторые блюда с грибами
533;Вторые блюда
533;Вторые блюда из крупы
533;Вторые блюда с грибами
534;Десерты, напитки
535;Выпечка
535;Кексы, маффины, капкейки
536;Закуски и бутерброды
536;Бутерброды
536;Рыбные закуски
537;Вторые блюда
537;Вторые блюда из птицы
538;Закуски и бутерброды
538;Овощные закуски
538;Рыбные закуски
539;Салаты
539;Салаты с авокадо
539;Птица
539;Салаты с курицей
539;Овощи
539;Салаты с редисом
539;Салаты с болгарским перцем
539;Салаты с помидорами
540;Вторые блюда
540;Вторые блюда из макаронных изделий
541;Десерты, напитки
542;Выпечка
542;Печенье
543;Салаты
543;Овощи
543;Салаты с редисом
543;Салаты с болгарским перцем
543;Салаты с капустой
543;Салаты с огурцами
543;Салаты с помидорами
543;Салаты без майонеза
544;Салаты
544;Фрукты
544;Салаты с яблоками
544;Овощи
544;Салаты со свеклой
544;Салаты с морковью
544;Салаты с картофелем
544;Салаты с огурцами
544;Салаты с майонезом
545;Салаты
545;Салаты с сухариками
545;Птица
545;Салаты с курицей
545;Салаты с яйцами
545;Салаты с майонезом
546;Салаты
546;Салаты с сухариками
546;Салаты с сыром
546;Мясо
546;Салаты с колбасой
546;Салаты с майонезом
547;Салаты
547;Салаты с фунчозой
547;Мясные салаты
547;Салаты без майонеза
548;Торты и пирожные
549;Закуски и бутерброды
549;Овощные закуски
549;Яйца
549;Фаршированные яйца
550;Выпечка
550;Пироги
550;Пироги с творогом
551;Рыба и морепродукты
551;Жареная рыба
552;Закуски и бутерброды
552;Овощные закуски
553;Десерты, напитки
554;Вторые блюда
554;Вторые блюда с грибами
554;Вторые блюда из овощей
554;Фаршированные овощи
555;Вторые блюда
555;Вторые блюда из овощей
555;Фаршированные овощи
556;Закуски и бутерброды
556;Суфле, паштеты, икра
557;Блины, оладьи, сырники
558;Вторые блюда
558;Вторые блюда из говядины
559;Первые блюда
560;Десерты, напитки
561;Вторые блюда
561;Вторые блюда из курицы
561;Вторые блюда из фарша
561;Рецепты запеканок
562;Рыба и морепродукты
562;Жареная рыба
563;Рыба и морепродукты
563;Жареная рыба
564;Вторые блюда
564;Вторые блюда из фарша
564;Вторые блюда из овощей
564;Фаршированные овощи
565;Вторые блюда
565;Вторые блюда из свинины
566;Десерты, напитки
567;Вторые блюда
567;Вторые блюда из птицы
567;Рецепты котлет
568;Вторые блюда
568;Вторые блюда из птицы
568;Вторые блюда с грибами
569;Вторые блюда
569;Вторые блюда из курицы
569;Вторые блюда с грибами
570;Выпечка
570;Кексы, маффины, капкейки
571;Вторые блюда
571;Вторые блюда из птицы
571;Вторые блюда из овощей
572;Закуски и бутерброды
572;Овощные закуски
573;Салаты
573;Овощи
573;Салаты с болгарским перцем
573;Салаты с огурцами
573;Салаты с помидорами
573;Салаты с сыром
573;Салаты без майонеза
574;Десерты, напитки
575;Десерты, напитки
576;Вторые блюда
576;Вторые блюда из курицы
576;Вторые блюда из птицы
577;Салаты
577;Овощи
577;Салаты с картофелем
577;Салаты с помидорами
577;Салаты с яйцами
577;Морепродукты
577;Салаты с рыбой
577;Салаты с майонезом
578;Салаты
578;Овощи
578;Салаты с болгарским перцем
578;Салаты с огурцами
578;Салаты с помидорами
578;Салаты без майонеза
579;Салаты
579;Салаты с сухариками
579;Овощи
579;Салаты с помидорами
579;Салаты с сыром
579;Салаты с беконом
579;Салаты без майонеза
580;Салаты
580;Птица
580;Салаты с курицей
580;Мясные салаты
580;Салаты без майонеза
581;Салаты
581;Салаты с кукурузой
581;Птица
581;Салаты с курицей
581;Овощи
581;Салаты с морковью
581;Салаты с яйцами
581;Мясные салаты
581;Салаты с грибами
581;Салаты с майонезом
582;Вторые блюда
582;Вторые блюда из свинины
583;Разное
584;Вторые блюда
584;Вторые блюда из макаронных изделий
584;Вторые блюда с грибами
585;Первые блюда
586;Первые блюда
587;Первые блюда
588;Первые блюда
589;Рыба и морепродукты
589;Запеченная рыба
590;Вторые блюда
591;Рыба и морепродукты
591;Жареная рыба
592;Вторые блюда
592;Вторые блюда с грибами
592;Вторые блюда из овощей
593;Выпечка
593;Кексы, маффины, капкейки
594;Вторые блюда
594;Вторые блюда из говядины
595;Вторые блюда
595;Вторые блюда из говядины
596;Вторые блюда
596;Вторые блюда из говядины
596;Вторые блюда с грибами
596;Вторые блюда в горшочках
597;Вторые блюда
597;Вторые блюда из макаронных изделий
598;Закуски и бутерброды
598;Овощные закуски
598;Фаршированные овощи
599;Выпечка
599;Печенье
600;Выпечка
600;Печенье
601;Салаты
601;Овощи
601;Салаты с морковью
601;Салаты с картофелем
601;Салаты с огурцами
601;Салаты с яйцами
601;Мясо
601;Салаты с колбасой
601;Салаты с майонезом
602;Салаты
602;Овощи
602;Салаты с огурцами
602;Салаты с помидорами
602;Мясо
602;Салаты с беконом
602;Салаты без майонеза
603;Салаты
603;Птица
603;Салаты с индейкой
603;Овощи
603;Салаты с помидорами
603;Салаты с яйцами
603;Салаты без майонеза
604;Салаты
604;Птица
604;Салаты с курицей
604;Салаты с фруктами
604;Овощи
604;Салаты с огурцами
604;Салаты с майонезом
605;Первые блюда
606;Первые блюда
607;Вторые блюда
607;Вторые блюда из курицы
607;Вторые блюда из овощей
607;Фаршированные овощи
608;Десерты, напитки
609;Вторые блюда
609;Вторые блюда из птицы
610;Вторые блюда
610;Рецепты запеканок
610;Вторые блюда из овощей
611;Выпечка
611;Кексы, маффины, капкейки
612;Вторые блюда
612;Вторые блюда из курицы
613;Вторые блюда
613;Вторые блюда из птицы
614;Рыба и морепродукты
614;Запеченная рыба
615;Вторые блюда
615;Рецепты лазаний
615;Рецепты запеканок
615;Вторые блюда из овощей
616;Выпечка
616;Пироги
616;Ягодные пироги
617;Вторые блюда
617;Вторые блюда из курицы
618;Вторые блюда
618;Вторые блюда из курицы
619;Закуски и бутерброды
619;Мясные закуски
619;Рыбные закуски
620;Выпечка
620;Выпечка с яблочной начинкой
620;Выпечка из творога
620;Пироги
620;Яблочные пироги
620;Пироги с творогом
621;Несладкая выпечка
622;Рыба и морепродукты
623;Салаты
623;Салаты с кукурузой
623;Овощи
623;Салаты с огурцами
623;Салаты с помидорами
623;Салаты с сыром
623;Салаты без майонеза
624;Салаты
624;Салаты с кукурузой
624;Салаты с рисом
624;Салаты с яйцами
624;Морепродукты
624;Салаты с крабами
624;Салаты с майонезом
625;Салаты
625;Салаты с яйцами
625;Морепродукты
625;Салаты с крабами
625;Салаты с кальмарами
625;Салаты с майонезом
626;Закуски и бутерброды
626;Закуски с курицей
627;Салаты
627;Салаты с сыром
627;Салаты с яйцами
627;Морепродукты
627;Салаты с рыбой
627;Салаты с майонезом
628;Салаты
628;Салаты с авокадо
628;Овощи
628;Салаты с помидорами
628;Салаты с креветками
628;Салаты без майонеза
629;Салаты
629;Овощные салаты
629;Морепродукты
629;Салаты с кальмарами
629;Салаты с креветками
629;Салаты без майонеза
630;Салаты
630;Салаты с кукурузой
630;Овощи
630;Салаты с помидорами
630;Мясо
630;Салаты с беконом
630;Морепродукты
630;Салаты с креветками
630;Салаты без майонеза
631;Вторые блюда
631;Вторые блюда из свинины
632;Десерты, напитки
633;Несладкая выпечка
633;Слоеные пирожки
634;Торты и пирожные
635;Торты и пирожные
636;Первые блюда
637;Выпечка
637;Выпечка с брусникой
637;Кексы, маффины, капкейки
638;Десерты, напитки
639;Блины, оладьи, сырники
640;Рыба и морепродукты
640;Запеченная рыба
641;Вторые блюда
641;Вторые блюда в горшочках
642;Вторые блюда
642;Вторые блюда из свинины
643;Закуски и бутерброды
643;Овощные закуски
644;Закуски и бутерброды
644;Овощные закуски
645;Вторые блюда
645;Вторые блюда из птицы
646;Салаты
646;Птица
646;Салаты с курицей
646;Овощи
646;Салаты со свеклой
646;Салаты с картофелем
646;Мясные салаты
646;Салаты с майонезом
647;Салаты
647;Птица
647;Салаты с индейкой
647;Овощи
647;Салаты с морковью
647;Салаты с картофелем
647;Салаты с яйцами
647;Салаты с грибами
647;Салаты с майонезом
648;Салаты
648;Фрукты
648;Салаты с яблоками
648;Овощи
648;Салаты с капустой
648;Салаты без майонеза
649;Выпечка
650;Закуски и бутерброды
650;Рыбные закуски
650;Яйца
650;Фаршированные яйца
651;Первые блюда
652;Вторые блюда
652;Вторые блюда из баранины
653;Десерты, напитки
654;Вторые блюда
654;Вторые блюда из крупы
655;Закуски и бутерброды
655;Овощные закуски
656;Вторые блюда
656;Вторые блюда из фарша
656;Рецепты запеканок
657;Рыба и морепродукты
657;Запеченная рыба
658;Вторые блюда
658;Вторые блюда из курицы
659;Вторые блюда
659;Вторые блюда из курицы
660;Вторые блюда
660;Вторые блюда из курицы
660;Вторые блюда из крупы
661;Вторые блюда
661;Вторые блюда из курицы
661;Вторые блюда из макаронных изделий
662;Выпечка
662;Кексы, маффины, капкейки
663;Выпечка
663;Выпечка из творога
663;Пироги
663;Пироги с творогом
664;Закуски и бутерброды
664;Мясные закуски
664;Закуски из яиц
665;Салаты
665;Салаты с авокадо
665;Овощи
665;Салаты с помидорами
665;Салаты с креветками
665;Салаты без майонеза
666;Салаты
666;Овощи
666;Салаты с картофелем
666;Морепродукты
666;Салаты с рыбой
666;Салаты без майонеза
667;Салаты
667;Овощи
667;Салаты с огурцами
667;Салаты с помидорами
667;Морепродукты
667;Салаты с рыбой
667;Салаты без майонеза
668;Салаты
668;Овощи
668;Салаты с морковью
668;Салаты с майонезом
668;Салаты с печенью
669;Салаты
669;Овощи
669;Салаты с помидорами
669;Мясо
669;Салаты с говядиной
669;Салаты без майонеза
670;Салаты
670;Фрукты
670;Салаты с ананасами
670;Салаты с сыром
670;Салаты с майонезом
671;Салаты
671;Овощи
671;Салаты с картофелем
671;Салаты с яйцами
671;Морепродукты
671;Салаты с рыбой
671;Салаты с майонезом
672;Салаты
672;Салаты с сухариками
672;Овощи
672;Салаты с огурцами
672;Мясо
672;Салаты с говядиной
672;Салаты с майонезом
672;Салаты с фасолью
673;Закуски и бутерброды
673;Бутерброды
674;Торты и пирожные
675;Десерты, напитки
676;Первые блюда
677;Вторые блюда
677;Вторые блюда из говядины
678;Вторые блюда
678;Вторые блюда из овощей
679;Вторые блюда
679;Вторые блюда из свинины
680;Салаты
680;Птица
680;Салаты с индейкой
680;Салаты с сыром
680;Салаты с яйцами
680;Мясные салаты
680;Салаты с майонезом
681;Вторые блюда
681;Вторые блюда из свинины
682;Закуски и бутерброды
682;Мясные закуски
682;Бутерброды
683;Вторые блюда
683;Вторые блюда из говядины
683;Вторые блюда с грибами
684;Вторые блюда
684;Вторые блюда из говядины
685;Вторые блюда
685;Вторые блюда из курицы
685;Вторые блюда в горшочках
686;Закуски и бутерброды
686;Овощные закуски
687;Выпечка
687;Печенье
688;Несладкая выпечка
688;Пироги
689;Выпечка
689;Печенье
690;Вторые блюда
690;Вторые блюда из свинины
690;Вторые блюда с грибами
691;Салаты
691;Салаты с зеленым горошком
691;Птица
691;Салаты с курицей
691;Салаты с майонезом
692;Салаты
692;Салаты с блинчиками из яиц
692;Салаты с грибами
692;Салаты с майонезом
693;Вторые блюда
693;Вторые блюда из свинины
694;Вторые блюда
694;Вторые блюда из свинины
695;Несладкая выпечка
695;Пироги
696;Выпечка
697;Несладкая выпечка
697;Слоеные пирожки
698;Вторые блюда
698;Вторые блюда из макаронных изделий
698;Вторые блюда с грибами
699;Первые блюда
700;Закуски и бутерброды
700;Рыбные закуски
701;Десерты, напитки
702;Вторые блюда
702;Вторые блюда из птицы
703;Рыба и морепродукты
703;Жареная рыба
704;Десерты, напитки
705;Десерты, напитки
706;Десерты, напитки
707;Вторые блюда
707;Вторые блюда из овощей
708;Вторые блюда
708;Вторые блюда из овощей
709;Блины, оладьи, сырники
710;Вторые блюда
710;Вторые блюда из фарша
710;Вторые блюда из макаронных изделий
711;Рыба и морепродукты
712;Вторые блюда
712;Вторые блюда из фарша
712;Рецепты котлет
712;Вторые блюда с грибами
713;Первые блюда
714;Первые блюда
715;Вторые блюда
715;Вторые блюда из курицы
715;Вторые блюда из крупы
716;Вторые блюда
716;Вторые блюда из курицы
716;Вторые блюда с грибами
717;Десерты, напитки
718;Несладкая выпечка
718;Пироги
719;Первые блюда
720;Торты и пирожные
721;Вторые блюда
721;Вторые блюда из говядины
721;Вторые блюда с грибами
722;Салаты
722;Птица
722;Салаты с курицей
722;Фрукты
722;Салаты с яблоками
722;Овощи
722;Салаты с капустой
722;Салаты с огурцами
722;Салаты без майонеза
723;Салаты
723;Птица
723;Салаты с курицей
723;Овощи
723;Салаты с огурцами
723;Мясные салаты
723;Салаты с майонезом
723;Салаты с фасолью
724;Салаты
724;Овощи
724;Салаты с морковью
724;Салаты с картофелем
724;Салаты с огурцами
724;Салаты с яйцами
724;Морепродукты
724;Салаты с рыбой
724;Салаты с майонезом
725;Салаты
725;Птица
725;Салаты с курицей
725;Фрукты
725;Салаты с яблоками
725;Овощи
725;Салаты с сельдереем
725;Салаты с болгарским перцем
725;Салаты с помидорами
725;Мясные салаты
725;Салаты с майонезом
726;Рыба и морепродукты
726;Запеченная рыба
727;Закуски и бутерброды
727;Закуски с курицей
727;Мясные закуски
727;Суфле, паштеты, икра
728;Вторые блюда
728;Вторые блюда из курицы
729;Вторые блюда
729;Вторые блюда из курицы
730;Торты и пирожные
730;Выпечка из творога
731;Рыба и морепродукты
731;Жареная рыба
732;Салаты
732;Овощи
732;Салаты с помидорами
732;Салаты без майонеза
733;Выпечка
733;Выпечка из творога
733;Печенье
734;Вторые блюда
734;Вторые блюда из баранины
735;Первые блюда
736;Выпечка
736;Выпечка с брусникой
737;Вторые блюда
737;Вторые блюда из говядины
738;Вторые блюда
738;Вторые блюда из говядины
739;Закуски и бутерброды
739;Закуски с курицей
739;Бутерброды
739;Суфле, паштеты, икра
740;Рыба и морепродукты
740;Запеченная рыба
741;Рыба и морепродукты
742;Рыба и морепродукты
742;Запеченная рыба
743;Рыба и морепродукты
744;Вторые блюда
744;Вторые блюда из курицы
745;Выпечка
745;Кексы, маффины, капкейки
746;Вторые блюда
746;Вторые блюда из баранины
747;Выпечка
747;Выпечка с брусникой
747;Кексы, маффины, капкейки
748;Десерты, напитки
749;Вторые блюда
749;Вторые блюда из свинины
750;Салаты
750;Овощи
750;Салаты с помидорами
750;Салаты без майонеза
750;Салаты с печенью
751;Салаты
751;Салаты с кукурузой
751;Салаты с рисом
751;Птица
751;Салаты с курицей
751;Фрукты
751;Салаты с ананасами
751;Мясные салаты
751;Салаты с майонезом
752;Салаты
752;Салаты с сухариками
752;Птица
752;Салаты с курицей
752;Фрукты
752;Салаты с ананасами
752;Салаты с сыром
752;Мясные салаты
752;Салаты с майонезом
753;Салаты
753;Фрукты
753;Салаты с яблоками
753;Овощи
753;Салаты с помидорами
753;Салаты с грибами
753;Салаты с майонезом
754;Салаты
754;Овощи
754;Салаты с морковью
754;Салаты с грибами
754;Салаты с майонезом
754;Салаты с печенью
754;Салаты с фасолью
755;Салаты
755;Овощи
755;Салаты с редисом
755;Салаты с огурцами
755;Салаты с помидорами
755;Салаты с яйцами
755;Салаты без майонеза
756;Закуски и бутерброды
756;Закуски с курицей
756;Суфле, паштеты, икра
757;Закуски и бутерброды
757;Мясные закуски
757;Овощные закуски
758;Рыба и морепродукты
758;Жареная рыба
759;Вторые блюда
759;Вторые блюда из макаронных изделий
759;Вторые блюда из говядины
759;Вторые блюда с грибами
760;Рыба и морепродукты
760;Жареная рыба
761;Вторые блюда
761;Вторые блюда из курицы
762;Вторые блюда
762;Вторые блюда из свинины
762;Шашлыки
763;Закуски и бутерброды
763;Овощные закуски
764;Закуски и бутерброды
764;Бутерброды
764;Закуски из яиц
765;Вторые блюда
765;Вторые блюда из курицы
765;Вторые блюда из крупы
765;Рецепты запеканок
766;Закуски и бутерброды
766;Овощные закуски
767;Рыба и морепродукты
767;Жареная рыба
768;Выпечка
768;Куличи
769;Десерты, напитки
770;Выпечка
770;Кексы, маффины, капкейки
771;Выпечка
771;Печенье
772;Закуски и бутерброды
772;Овощные закуски
773;Вторые блюда
773;Вторые блюда из курицы
773;Рецепты запеканок
774;Вторые блюда
774;Вторые блюда из курицы
775;Выпечка
775;Куличи
776;Салаты
776;Салаты с авокадо
776;Салаты с сыром
776;Салаты с яйцами
776;Морепродукты
776;Салаты с крабами
776;Салаты с майонезом
777;Салаты
777;Фрукты
777;Салаты с яблоками
777;Овощи
777;Салаты с огурцами
777;Салаты с помидорами
777;Мясо
777;Салаты с беконом
777;Салаты с майонезом
778;Салаты
778;Птица
778;Салаты с курицей
778;Овощи
778;Салаты с болгарским перцем
778;Салаты с огурцами
778;Салаты с помидорами
778;Мясные салаты
778;Салаты без майонеза
779;Салаты
779;Овощи
779;Салаты с редисом
779;Салаты с помидорами
779;Салаты с сыром
779;Салаты без майонеза
780;Первые блюда
781;Вторые блюда
781;Вторые блюда из субпродуктов
782;Десерты, напитки
783;Вторые блюда
783;Вторые блюда из овощей
784;Выпечка
784;Выпечка с яблочной начинкой
785;Десерты, напитки
786;Рыба и морепродукты
786;Запеченная рыба
787;Рыба и морепродукты
787;Запеченная рыба
788;Салаты
788;Морепродукты
788;Салаты с кальмарами
788;Салаты с майонезом
789;Вторые блюда
789;Вторые блюда из макаронных изделий
790;Вторые блюда
790;Вторые блюда из курицы
791;Вторые блюда
791;Вторые блюда из курицы
792;Рыба и морепродукты
793;Первые блюда
794;Выпечка
794;Куличи
795;Выпечка
795;Кексы, маффины, капкейки
796;Выпечка
796;Печенье
797;Вторые блюда
797;Вторые блюда из крупы
797;Вторые блюда из свинины
797;Вторые блюда с грибами
798;Салаты
798;Овощи
798;Салаты с картофелем
798;Салаты с огурцами
798;Салаты с яйцами
798;Салаты с майонезом
798;Салаты с печенью
799;Салаты
799;Салаты с авокадо
799;Птица
799;Салаты с курицей
799;Овощи
799;Салаты с огурцами
799;Салаты с сыром
799;Мясные салаты
799;Салаты без майонеза
800;Салаты
800;Фрукты
800;Салаты с яблоками
800;Овощи
800;Салаты с морковью
800;Салаты с капустой
800;Салаты без майонеза
801;Салаты
801;Салаты с яйцами
801;Морепродукты
801;Салаты с рыбой
801;Салаты без майонеза
801;Салаты с фасолью
802;Несладкая выпечка
803;Выпечка
803;Выпечка с брусникой
804;Выпечка
805;Первые блюда
806;Первые блюда
807;Первые блюда
808;Первые блюда
809;Вторые блюда
809;Вторые блюда из фарша
809;Вторые блюда с грибами
810;Десерты, напитки
811;Первые блюда
812;Вторые блюда
812;Вторые блюда из баранины
813;Выпечка
813;Куличи
814;Вторые блюда
814;Вторые блюда из свинины
815;Выпечка
815;Печенье
816;Десерты, напитки
817;Вторые блюда
817;Вторые блюда в горшочках
817;Вторые блюда из баранины
818;Блины, оладьи, сырники
819;Вторые блюда
819;Вторые блюда из говядины
820;Закуски и бутерброды
820;Овощные закуски
821;Вторые блюда
821;Вторые блюда из фарша
821;Вторые блюда из овощей
822;Рыба и морепродукты
823;Вторые блюда
823;Вторые блюда из субпродуктов
824;Вторые блюда
824;Вторые блюда из курицы
824;Рецепты запеканок
825;Вторые блюда
825;Вторые блюда из курицы
826;Выпечка
826;Куличи
827;Десерты, напитки
828;Несладкая выпечка
828;Кексы, маффины, капкейки
829;Выпечка
829;Печенье
830;Вторые блюда
830;Вторые блюда из курицы
830;Вторые блюда из птицы
830;Вторые блюда из крупы
831;Выпечка
832;Вторые блюда
832;Вторые блюда из субпродуктов
833;Салаты
833;Салаты с рисом
833;Салаты с яйцами
833;Морепродукты
833;Салаты с кальмарами
833;Салаты с майонезом
834;Салаты
834;Овощи
834;Салаты с помидорами
834;Салаты с грибами
834;Салаты с майонезом
835;Салаты
835;Овощи
835;Салаты с огурцами
835;Салаты с помидорами
835;Салаты с сыром
835;Салаты с яйцами
835;Салаты без майонеза
835;Салаты с печенью
836;Салаты
836;Овощи
836;Салаты с помидорами
836;Салаты с яйцами
836;Мясо
836;Салаты с говядиной
836;Салаты без майонеза
837;Вторые блюда
837;Вторые блюда из свинины
838;Вторые блюда
838;Вторые блюда из свинины
839;Рыба и морепродукты
840;Вторые блюда
840;Вторые блюда из курицы
841;Вторые блюда
841;Вторые блюда из птицы
841;Вторые блюда с грибами
842;Рыба и морепродукты
842;Запеченная рыба
843;Вторые блюда
843;Вторые блюда из фарша
844;Десерты, напитки
845;Закуски и бутерброды
845;Мясные закуски
845;Овощные закуски
845;Закуски из яиц
846;Блины, оладьи, сырники
847;Закуски и бутерброды
847;Мясные закуски
847;Овощные закуски
848;Закуски и бутерброды
848;Овощные закуски
849;Рыба и морепродукты
849;Запеченная рыба
850;Рыба и морепродукты
850;Запеченная рыба
851;Вторые блюда
851;Вторые блюда из макаронных изделий
852;Вторые блюда
852;Вторые блюда из курицы
853;Выпечка
853;Куличи
854;Вторые блюда
854;Вторые блюда из макаронных изделий
854;Вторые блюда из свинины
855;Салаты
855;Салаты с авокадо
855;Овощи
855;Салаты с помидорами
855;Салаты с сыром
855;Салаты без майонеза
856;Салаты
856;Овощи
856;Салаты с помидорами
856;Салаты с яйцами
856;Мясо
856;Салаты с беконом
856;Салаты с грибами
856;Салаты с майонезом
857;Салаты
857;Овощи
857;Салаты с помидорами
857;Салаты без майонеза
858;Салаты
858;Овощи
858;Салаты с помидорами
858;Морепродукты
858;Салаты с рыбой
858;Салаты без майонеза
859;Вторые блюда
859;Вторые блюда из фарша
859;Вторые блюда из макаронных изделий
860;Вторые блюда
860;Вторые блюда из курицы
860;Шашлыки
861;Десерты, напитки
862;Салаты
862;Салаты с сухариками
862;Овощи
862;Салаты с морковью
862;Салаты с яйцами
862;Морепродукты
862;Салаты с рыбой
862;Салаты с майонезом
863;Первые блюда
864;Вторые блюда
864;Вторые блюда из баранины
865;Выпечка
865;Пироги
866;Вторые блюда
866;Вторые блюда из фарша
866;Рецепты запеканок
867;Вторые блюда
867;Вторые блюда из курицы
867;Рецепты запеканок
868;Рыба и морепродукты
869;Вторые блюда
869;Вторые блюда из овощей
870;Закуски и бутерброды
870;Суфле, паштеты, икра
871;Выпечка
871;Печенье
872;Вторые блюда
872;Вторые блюда из курицы
872;Рецепты котлет
873;Вторые блюда
873;Вторые блюда из курицы
874;Вторые блюда
874;Вторые блюда из курицы
875;Вторые блюда
875;Вторые блюда из фарша
875;Вторые блюда из макаронных изделий
876;Выпечка
876;Кексы, маффины, капкейки
877;Выпечка
878;Вторые блюда
878;Вторые блюда из свинины
879;Салаты
879;Овощи
879;Салаты со свеклой
879;Салаты с морковью
879;Салаты с картофелем
879;Салаты с капустой
879;Мясные салаты
879;Салаты с майонезом
880;Салаты
880;Мясо
880;Салаты с говядиной
880;Салаты с майонезом
881;Салаты
881;Овощи
881;Салаты с морковью
881;Салаты с картофелем
881;Салаты с яйцами
881;Мясо
881;Салаты с беконом
881;Салаты с майонезом
882;Салаты
882;Овощи
882;Салаты с помидорами
882;Салаты с сыром
882;Салаты без майонеза
883;Салаты
883;Салаты с кукурузой
883;Овощи
883;Салаты с капустой
883;Салаты с крабами
883;Салаты с майонезом
884;Салаты
884;Фрукты
884;Салаты с яблоками
884;Салаты с сыром
884;Мясо
884;Салаты с беконом
884;Салаты с майонезом
885;Салаты
885;Фрукты
885;Салаты с яблоками
885;Овощи
885;Салаты с морковью
885;Салаты с огурцами
885;Морепродукты
885;Салаты с креветками
885;Салаты с майонезом
886;Вторые блюда
886;Вторые блюда из свинины
887;Вторые блюда
887;Вторые блюда из свинины
888;Вторые блюда
888;Вторые блюда из курицы
889;Несладкая выпечка
890;Первые блюда
891;Закуски и бутерброды
891;Рыбные закуски
892;Вторые блюда
892;Вторые блюда из фарша
892;Вторые блюда с грибами
892;Фаршированные овощи
893;Закуски и бутерброды
893;Овощные закуски
893;Закуски из яиц
894;Закуски и бутерброды
894;Мясные закуски
895;Вторые блюда
895;Вторые блюда из баранины
896;Вторые блюда
896;Вторые блюда из крупы
896;Вторые блюда из баранины
897;Вторые блюда
897;Вторые блюда из говядины
898;Рыба и морепродукты
898;Запеченная рыба
899;Вторые блюда
899;Вторые блюда из овощей
900;Вторые блюда
900;Вторые блюда из овощей
901;Рыба и морепродукты
901;Жареная рыба
902;Первые блюда
903;Вторые блюда
903;Вторые блюда из курицы
904;Рыба и морепродукты
905;Выпечка
905;Печенье
906;Салаты
906;Салаты с зеленым горошком
906;Птица
906;Салаты с курицей
906;Овощи
906;Салаты с картофелем
906;Салаты с яйцами
906;Салаты с майонезом
907;Салаты
907;Птица
907;Салаты с курицей
907;Овощи
907;Салаты с болгарским перцем
907;Салаты с морковью
907;Салаты с огурцами
907;Мясные салаты
907;Салаты без майонеза
908;Салаты
908;Салаты с зеленым горошком
908;Фрукты
908;Салаты с яблоками
908;Овощи
908;Салаты с капустой
908;Мясо
908;Салаты с беконом
908;Салаты без майонеза
909;Салаты
909;Салаты с зеленым горошком
909;Овощи
909;Салаты с огурцами
909;Салаты с яйцами
909;Морепродукты
909;Салаты с крабами
909;Салаты с кальмарами
909;Салаты с майонезом
910;Салаты
910;Салаты с сухариками
910;Овощи
910;Салаты с морковью
910;Салаты с сыром
910;Салаты с майонезом
911;Выпечка
912;Первые блюда
913;Десерты, напитки
914;Разное
915;Вторые блюда
915;Вторые блюда с грибами
915;Вторые блюда из овощей
916;Вторые блюда
916;Вторые блюда из овощей
917;Выпечка
917;Кексы, маффины, капкейки
918;Выпечка
918;Пироги
919;Несладкая выпечка
919;Пироги
920;Выпечка
920;Печенье
921;Салаты
921;Овощи
921;Салаты с помидорами
921;Салаты с сыром
921;Мясо
921;Салаты с колбасой
921;Салаты без майонеза
922;Салаты
922;Птица
922;Салаты с курицей
922;Фрукты
922;Салаты с яблоками
922;Мясные салаты
922;Салаты с майонезом
923;Салаты
923;Салаты с кукурузой
923;Салаты с рисом
923;Фрукты
923;Салаты с ананасами
923;Морепродукты
923;Салаты с крабами
923;Салаты с майонезом
924;Салаты
924;Салаты с авокадо
924;Салаты с рисом
924;Овощи
924;Салаты с болгарским перцем
924;Салаты с огурцами
924;Морепродукты
924;Салаты с рыбой
924;Салаты с майонезом
925;Вторые блюда
925;Вторые блюда из свинины
926;Вторые блюда
926;Вторые блюда из свинины
927;Первые блюда
928;Десерты, напитки
929;Десерты, напитки
930;Десерты, напитки
931;Закуски и бутерброды
931;Закуски из яиц
932;Вторые блюда
932;Вторые блюда из фарша
932;Рецепты запеканок
933;Десерты, напитки
934;Салаты
934;Овощи
934;Салаты с помидорами
934;Салаты с яйцами
934;Салаты без майонеза
935;Вторые блюда
935;Вторые блюда из баранины
936;Вторые блюда
936;Вторые блюда из крупы
936;Вторые блюда с грибами
937;Рыба и морепродукты
938;Вторые блюда
938;Вторые блюда из свинины
938;Вторые блюда с грибами
939;Вторые блюда
939;Рецепты запеканок
940;Рыба и морепродукты
941;Вторые блюда
941;Вторые блюда из свинины
942;Вторые блюда
942;Вторые блюда из курицы
942;Вторые блюда из крупы
943;Вторые блюда
943;Вторые блюда из курицы
944;Вторые блюда
944;Вторые блюда из курицы
945;Блины, оладьи, сырники
946;Выпечка
946;Кексы, маффины, капкейки
947;Выпечка
947;Кексы, маффины, капкейки
948;Выпечка
948;Пироги
949;Десерты, напитки
950;Вторые блюда
950;Вторые блюда из субпродуктов
951;Салаты
951;Салаты с зеленым горошком
951;Птица
951;Салаты с курицей
951;Мясные салаты
951;Салаты с грибами
951;Салаты с майонезом
952;Салаты
952;Салаты с авокадо
952;Птица
952;Салаты с курицей
952;Овощи
952;Салаты с болгарским перцем
952;Салаты с помидорами
952;Мясные салаты
952;Салаты с майонезом
953;Салаты
953;Салаты с сухариками
953;Салаты с яйцами
953;Морепродукты
953;Салаты с креветками
953;Салаты с майонезом
954;Салаты
954;Салаты с зеленым горошком
954;Овощи
954;Салаты с огурцами
954;Салаты с яйцами
954;Салаты с майонезом
955;Салаты
955;Салаты с зеленым горошком
955;Салаты с сухариками
955;Птица
955;Салаты с курицей
955;Мясные салаты
955;Салаты с майонезом
956;Вторые блюда
956;Вторые блюда из свинины
957;Вторые блюда
957;Вторые блюда из свинины
957;Вторые блюда в горшочках
958;Вторые блюда
958;Вторые блюда из свинины
959;Вторые блюда
959;Вторые блюда из свинины
960;Рыба и морепродукты
961;Несладкая выпечка
961;Слоеные пирожки
962;Выпечка
962;Выпечка с яблочной начинкой
963;Закуски и бутерброды
963;Мясные закуски
963;Овощные закуски
964;Торты и пирожные
965;Десерты, напитки
966;Десерты, напитки
967;Десерты, напитки
968;Десерты, напитки
969;Десерты, напитки
970;Вторые блюда
970;Рецепты запеканок
970;Вторые блюда с грибами
971;Салаты
971;Овощи
971;Салаты со свеклой
971;Салаты с морковью
971;Салаты с картофелем
971;Салаты с колбасой
971;Салаты с майонезом
972;Салаты
972;Овощи
972;Салаты с морковью
972;Салаты с яйцами
972;Салаты с майонезом
972;Салаты с печенью
973;Вторые блюда
973;Вторые блюда из макаронных изделий
973;Вторые блюда из овощей
974;Закуски и бутерброды
974;Мясные закуски
975;Закуски и бутерброды
976;Торты и пирожные
977;Рыба и морепродукты
977;Жареная рыба
978;Закуски и бутерброды
978;Овощные закуски
979;Вторые блюда
979;Вторые блюда из фарша
979;Рецепты запеканок
980;Рыба и морепродукты
980;Запеченная рыба
981;Вторые блюда
981;Вторые блюда из курицы
982;Вторые блюда
982;Вторые блюда из курицы
982;Вторые блюда из крупы
983;Вторые блюда
983;Вторые блюда из курицы
983;Вторые блюда из субпродуктов
984;Вторые блюда
984;Вторые блюда из макаронных изделий
985;Салаты
985;Овощи
985;Салаты с редисом
985;Салаты с болгарским перцем
985;Салаты с картофелем
985;Салаты с помидорами
985;Морепродукты
985;Салаты с рыбой
985;Салаты без майонеза
986;Салаты
986;Овощи
986;Салаты с огурцами
986;Салаты с яйцами
986;Морепродукты
986;Салаты с рыбой
986;Салаты без майонеза
987;Салаты
987;Фрукты
987;Салаты с яблоками
987;Овощи
987;Салаты с сельдереем
987;Салаты с морковью
987;Салаты без майонеза
988;Первые блюда
989;Рыба и морепродукты
989;Запеченная рыба
990;Вторые блюда
990;Вторые блюда из курицы
990;Вторые блюда из фарша
990;Вторые блюда с грибами
991;Десерты, напитки
992;Выпечка
993;Вторые блюда
993;Вторые блюда из субпродуктов
993;Вторые блюда с грибами
994;Закуски и бутерброды
994;Закуски из яиц
995;Салаты
995;Фрукты
995;Салаты с яблоками
995;Овощи
995;Салаты с картофелем
995;Мясо
995;Салаты с колбасой
995;Салаты с грибами
995;Салаты с майонезом
996;Вторые блюда
996;Вторые блюда из свинины
996;Вторые блюда с грибами
997;Вторые блюда
997;Вторые блюда из курицы
998;Рыба и морепродукты
999;Вторые блюда
999;Вторые блюда из курицы
1000;Рыба и морепродукты
1001;Вторые блюда
1001;Вторые блюда из фарша
1001;Вторые блюда из макаронных изделий
1002;Вторые блюда
1002;Вторые блюда из субпродуктов
1003;Выпечка
1003;Печенье
1004;Салаты
1004;Салаты с зеленым горошком
1004;Овощи
1004;Салаты с морковью
1004;Салаты с капустой
1004;Салаты с яйцами
1004;Мясо
1004;Салаты с колбасой
1004;Салаты с майонезом
1005;Салаты
1005;Овощные салаты
1005;Мясо
1005;Салаты с беконом
1005;Салаты без майонеза
1006;Салаты
1006;Фрукты
1006;Салаты с яблоками
1006;Салаты с сыром
1006;Салаты с яйцами
1006;Морепродукты
1006;Салаты с кальмарами
1006;Салаты с майонезом
1007;Вторые блюда
1007;Вторые блюда из свинины
1008;Вторые блюда
1008;Вторые блюда из курицы
1008;Шашлыки
1009;Вторые блюда
1009;Вторые блюда из фарша
1009;Вторые блюда с грибами
1010;Вторые блюда
1010;Вторые блюда из курицы
1011;Вторые блюда
1011;Вторые блюда из курицы
1012;Салаты
1012;Салаты с кукурузой
1012;Салаты с сыром
1012;Морепродукты
1012;Салаты с кальмарами
1012;Салаты с майонезом
1013;Салаты
1013;Салаты с зеленым горошком
1013;Фрукты
1013;Салаты с яблоками
1013;Салаты с яйцами
1013;Морепродукты
1013;Салаты с рыбой
1013;Салаты с майонезом
1014;Вторые блюда
1014;Вторые блюда из свинины
1014;Вторые блюда с грибами
1015;Вторые блюда
1015;Вторые блюда из свинины
1015;Вторые блюда с грибами
1016;Закуски и бутерброды
1016;Яйца
1016;Фаршированные яйца
1017;Десерты, напитки
1018;Вторые блюда
1018;Вторые блюда из птицы
1018;Вторые блюда из крупы
1019;Торты и пирожные
1020;Вторые блюда
1020;Вторые блюда из овощей
1021;Первые блюда
1022;Салаты
1022;Салаты с кукурузой
1022;Салаты с яйцами
1022;Салаты с крабами
1022;Салаты с майонезом
1023;Десерты, напитки
1024;Салаты
1024;Фрукты
1024;Салаты с яблоками
1024;Овощи
1024;Салаты с морковью
1024;Салаты с капустой
1024;Салаты без майонеза
1025;Несладкая выпечка
1025;Слоеные пирожки
1026;Закуски и бутерброды
1026;Мясные закуски
1026;Овощные закуски
1027;Вторые блюда
1027;Вторые блюда из курицы
1028;Вторые блюда
1028;Вторые блюда из курицы
1029;Закуски и бутерброды
1029;Овощные закуски
1029;Закуски из яиц
1030;Салаты
1030;Мясо
1030;Салаты с беконом
1030;Морепродукты
1030;Салаты с крабами
1030;Салаты с кальмарами
1030;Салаты с майонезом
1031;Салаты
1031;Салаты с кукурузой
1031;Овощи
1031;Салаты с огурцами
1031;Салаты с яйцами
1031;Салаты с морепродуктами
1031;Салаты с майонезом
1032;Салаты
1032;Фрукты
1032;Салаты с яблоками
1032;Овощи
1032;Салаты с картофелем
1032;Салаты с яйцами
1032;Морепродукты
1032;Салаты с рыбой
1032;Салаты с майонезом
1033;Вторые блюда
1033;Вторые блюда из курицы
1034;Выпечка
1035;Салаты
1035;Птица
1035;Салаты с курицей
1035;Мясные салаты
1035;Салаты с майонезом
1036;Вторые блюда
1036;Вторые блюда из макаронных изделий
1037;Разное
1038;Торты и пирожные
1039;Вторые блюда
1039;Вторые блюда из говядины
1040;Вторые блюда
1040;Вторые блюда из курицы
1041;Вторые блюда
1041;Вторые блюда из свинины
1042;Вторые блюда
1042;Вторые блюда из курицы
1043;Вторые блюда
1043;Вторые блюда из курицы
1044;Салаты
1044;Птица
1044;Салаты с курицей
1044;Овощи
1044;Салаты с морковью
1044;Салаты с огурцами
1044;Мясные салаты
1044;Салаты с грибами
1044;Салаты с майонезом
1045;Рыба и морепродукты
1045;Запеченная рыба
1046;Вторые блюда
1046;Вторые блюда из курицы
1046;Вторые блюда с грибами
1047;Десерты, напитки
1048;Выпечка
1048;Кексы, маффины, капкейки
1049;Вторые блюда
1049;Вторые блюда из овощей
1050;Десерты, напитки
1051;Вторые блюда
1051;Вторые блюда из птицы
1052;Закуски и бутерброды
1052;Бутерброды
1053;Закуски и бутерброды
1053;Рыбные закуски
1054;Вторые блюда
1054;Вторые блюда из курицы
1054;Вторые блюда с грибами
1055;Вторые блюда
1055;Вторые блюда из овощей
1056;Вторые блюда
1056;Вторые блюда из курицы
1057;Вторые блюда
1057;Вторые блюда из фарша
1057;Рецепты запеканок
1058;Вторые блюда
1058;Вторые блюда из курицы
1059;Вторые блюда
1059;Вторые блюда с грибами
1060;Вторые блюда
1060;Вторые блюда из овощей
1061;Салаты
1061;Салаты с рисом
1061;Салаты с яйцами
1061;Салаты с морепродуктами
1061;Салаты с майонезом
1062;Разное
1063;Разное
1064;Разное
1065;Разное
1066;Разное
